month,final_net_sales,cogs_amount_number,operating_expense_number,gross_profit,operating_profit,gross_margin,operating_margin
2024-01,5982.83,3195.85,1157.74,2786.98,1629.24,0.4658297160373937,0.2723192870263738
2024-02,5623.22,2954.15,10451.9,2669.07,-7782.83,0.47465153417436984,-1.3840521978510532
2024-03,6857.62,3627.95,5005.6,3229.67,-1775.9300000000003,0.47096077064637587,-0.2589717715475632
2024-04,6343.48,3407.6,7910.2300000000005,2935.8799999999997,-4974.35,0.46281851601959806,-0.784167365546987
2024-05,7135.63,3892.95,5440.45,3242.6800000000003,-2197.7699999999995,0.45443499733029885,-0.30799943382714623
2024-06,5107.42,2600.4,4377.22,2507.02,-1870.2000000000003,0.4908583981736376,-0.3661731363388952
2024-07,6020.75,3193.5,5485.58,2827.25,-2658.33,0.4695843541087074,-0.4415280488311257
2024-08,6023.07,3219.4,3129.92,2803.6699999999996,-326.25000000000045,0.4654885299357304,-0.054166728927274706
2024-09,7335.38,3871.1,3823.74,3464.28,-359.4599999999996,0.4722700119148565,-0.049003596269041216
2024-10,6806.59,3737.3,4839.0599999999995,3069.29,-1769.7699999999995,0.45092917305141045,-0.26000831547074227
2024-11,4273.58,2185.25,3290.48,2088.33,-1202.15,0.4886605609348602,-0.2812981153973952
2024-12,7467.41,3953.75,2654.29,3513.66,859.3699999999999,0.47053262108281185,0.11508273953084133
2025-01,5295.66,2746.4,310.66,2549.2599999999998,2238.6,0.4813866449130042,0.42272351321648294
2025-02,5905.36,3106.4,5006.65,2798.9599999999996,-2207.69,0.4739694108403213,-0.37384511697847383
2025-03,6427.0,3382.45,304.62,3044.55,2739.9300000000003,0.47371246304652254,0.4263155437995955
2025-04,6970.76,3786.5,1455.11,3184.26,1729.1500000000003,0.4568024146577992,0.2480576006059598
2025-05,5158.8,2793.25,5446.55,2365.55,-3081.0,0.45854656121578663,-0.5972319143986974
2025-06,6285.82,3394.8,2140.36,2891.0199999999995,750.6599999999994,0.4599272648596364,0.11942117337117503
2025-07,5730.49,3086.15,4391.61,2644.3399999999997,-1747.27,0.4614509404954899,-0.3049076082499053
2025-08,5316.2300000000005,2744.55,4740.55,2571.6800000000003,-2168.87,0.48374129787462167,-0.40797143840653993
2025-09,5407.6,2842.55,9873.16,2565.05,-7308.11,0.4743416672830831,-1.3514516606257858
2025-10,6329.51,3376.15,7424.07,2953.36,-4470.709999999999,0.4666016800668614,-0.7063279779951369
2025-11,6232.1,3277.4,561.45,2954.7000000000003,2393.25,0.4741098506121532,0.38401983280114244
2025-12,6572.69,3437.8,9578.0,3134.8899999999994,-6443.110000000001,0.4769569232688594,-0.9802850887536155
