month,category,notes,operating_expense_number,date_clean
2025-05,Software,recurring monthly charge,142.71,2025-05-07
2025-02,Payroll,recurring monthly charge,1215.48,2025-02-06
2025-06,Office Supplies,approved by owner,89.68,2025-06-28
2025-08,Utilities,,319.79,2025-08-11
2024-10,Marketing,,569.11,2024-10-20
2025-03,Office Supplies,approved by owner,117.18,2025-03-25
2024-10,Software,recurring monthly charge,155.1,2024-10-20
2025-03,Office Supplies,approved by owner,108.18,2025-03-07
2025-09,Payroll,approved by owner,1437.74,2025-09-30
2024-05,Rent,approved by owner,3255.72,2024-05-06
2025-10,Rent,,2870.53,2025-10-21
2025-09,Payroll,approved by owner,1393.64,2025-09-27
2024-08,Delivery Fuel,recurring monthly charge,249.1,2024-08-16
2025-09,Payroll,approved by owner,1207.62,2025-09-23
2024-02,Rent,recurring monthly charge,3435.3,2024-02-14
2024-10,Office Supplies,,84.47,2024-10-26
2024-11,Payroll,approved by owner,1272.71,2024-11-23
2024-03,Delivery Fuel,,174.5,2024-03-02
2024-04,Utilities,approved by owner,384.26,2024-04-20
2024-12,Software,,164.89,2024-12-23
2025-05,Software,approved by owner,178.39,2025-05-20
2025-06,Payroll,recurring monthly charge,1304.46,2025-06-25
2025-09,Software,,125.0,2025-09-08
2024-03,Insurance,,353.92,2024-03-14
2024-06,Marketing,,522.39,2024-06-13
2025-08,Rent,recurring monthly charge,3471.56,2025-08-04
2025-11,Software,,162.32,2025-11-26
2025-12,Office Supplies,recurring monthly charge,110.82,2025-12-04
2025-12,Payroll,approved by owner,1183.18,2025-12-24
2025-05,Rent,approved by owner,3054.98,2025-05-02
2024-07,Payroll,approved by owner,1303.93,2024-07-06
2024-07,Marketing,recurring monthly charge,502.25,2024-07-15
2025-05,Delivery Fuel,,199.52,2025-05-14
2025-12,Rent,recurring monthly charge,3418.49,2025-12-11
2024-12,Payroll,,1257.7,2024-12-26
2024-12,Office Supplies,,114.59,2024-12-23
2025-02,Rent,,3089.31,2025-02-12
2024-04,Payroll,approved by owner,1434.73,2024-04-17
2025-09,Payroll,,1073.32,2025-09-29
2024-08,Payroll,recurring monthly charge,1157.32,2024-08-15
2024-04,Payroll,recurring monthly charge,1054.32,2024-04-17
2024-04,Payroll,,1102.7,2024-04-09
2024-07,Marketing,approved by owner,423.62,2024-07-22
2024-12,Marketing,,526.04,2024-12-31
2024-09,Delivery Fuel,recurring monthly charge,247.24,2024-09-22
2025-09,Delivery Fuel,,168.02,2025-09-08
2025-10,Utilities,recurring monthly charge,382.61,2025-10-28
2025-12,Marketing,recurring monthly charge,504.8,2025-12-18
2025-02,Delivery Fuel,recurring monthly charge,192.66,2025-02-28
2024-05,Insurance,approved by owner,364.54,2024-05-06
2024-06,Utilities,,400.23,2024-06-12
2025-09,Delivery Fuel,,249.24,2025-09-01
2025-12,Delivery Fuel,recurring monthly charge,211.97,2025-12-13
2024-02,Rent,approved by owner,2330.47,2024-02-14
2025-05,Office Supplies,approved by owner,117.33,2025-05-07
2024-05,Office Supplies,recurring monthly charge,92.57,2024-05-26
2025-08,Delivery Fuel,,188.61,2025-08-07
2024-10,Delivery Fuel,,229.55,2024-10-01
2024-10,Software,,160.22,2024-10-30
2025-05,Payroll,approved by owner,1255.55,2025-05-22
2024-12,Office Supplies,approved by owner,86.55,2024-12-04
2024-02,Insurance,approved by owner,448.37,2024-02-03
2024-12,Utilities,recurring monthly charge,387.26,2024-12-28
2024-03,Insurance,approved by owner,510.73,2024-03-20
2024-07,Payroll,,1162.57,2024-07-18
2025-02,Marketing,,509.2,2025-02-19
2024-10,Rent,,3021.81,2024-10-06
2024-02,Rent,,3067.46,2024-02-15
2025-12,Rent,recurring monthly charge,3265.56,2025-12-26
2024-01,Utilities,,436.57,2024-01-13
2024-08,Insurance,,510.14,2024-08-11
2025-12,Insurance,,384.4,2025-12-27
2025-06,Delivery Fuel,recurring monthly charge,214.51,2025-06-09
2024-08,Marketing,recurring monthly charge,407.71,2024-08-26
2025-08,Software,approved by owner,167.16,2025-08-31
2025-09,Insurance,,364.98,2025-09-19
2025-11,Marketing,,399.13,2025-11-01
2025-06,Software,recurring monthly charge,160.76,2025-06-03
2024-04,Rent,recurring monthly charge,2304.75,2024-04-28
2024-10,Software,recurring monthly charge,150.91,2024-10-25
2025-07,Payroll,,1275.8,2025-07-31
2024-01,Software,,135.04,2024-01-18
2025-06,Insurance,recurring monthly charge,370.95,2025-06-17
2025-05,Software,approved by owner,143.2,2025-05-23
2024-01,Delivery Fuel,approved by owner,210.46,2024-01-26
2024-08,Software,,179.05,2024-08-15
2024-05,Insurance,recurring monthly charge,472.27,2024-05-19
2025-05,Utilities,,354.87,2025-05-31
2024-02,Insurance,approved by owner,387.58,2024-02-04
2025-04,Payroll,recurring monthly charge,1455.11,2025-04-19
2025-09,Insurance,recurring monthly charge,473.37,2025-09-26
2024-06,Rent,recurring monthly charge,3454.6,2024-06-01
2025-08,Insurance,,392.09,2025-08-07
2024-08,Insurance,,446.05,2024-08-30
2025-09,Insurance,recurring monthly charge,517.68,2025-09-15
2024-09,Office Supplies,,86.09,2024-09-12
2025-07,Insurance,recurring monthly charge,479.47,2025-07-17
2024-10,Software,approved by owner,145.38,2024-10-09
2025-12,Insurance,,498.78,2025-12-22
2024-07,Payroll,recurring monthly charge,1490.36,2024-07-30
2024-09,Office Supplies,,101.94,2024-09-05
2025-09,Rent,,2862.55,2025-09-03
2025-08,Delivery Fuel,recurring monthly charge,201.34,2025-08-14
2024-09,Rent,approved by owner,3208.37,2024-09-11
2024-12,Office Supplies,recurring monthly charge,117.26,2024-12-08
2024-03,Rent,,3134.21,2024-03-10
2024-11,Software,approved by owner,143.96,2024-11-08
2024-10,Software,,127.81,2024-10-11
2024-05,Delivery Fuel,,234.63,2024-05-16
2024-02,Utilities,approved by owner,305.0,2024-02-17
2025-03,Office Supplies,approved by owner,79.26,2025-03-04
2024-11,Payroll,recurring monthly charge,1510.98,2024-11-14
2024-07,Insurance,recurring monthly charge,363.4,2024-07-25
2024-05,Payroll,recurring monthly charge,1020.72,2024-05-31
2024-09,Software,recurring monthly charge,180.1,2024-09-27
2025-10,Payroll,,1425.83,2025-10-18
2024-03,Insurance,approved by owner,412.23,2024-03-03
2024-01,Insurance,,375.67,2024-01-08
2025-07,Office Supplies,approved by owner,118.36,2025-07-22
2024-08,Delivery Fuel,approved by owner,180.55,2024-08-20
2024-03,Insurance,,420.01,2024-03-04
2025-07,Rent,,2517.98,2025-07-10
2024-04,Payroll,recurring monthly charge,1377.5,2024-04-29
2024-11,Insurance,approved by owner,362.83,2024-11-19
2024-04,Delivery Fuel,,251.97,2024-04-24
2024-07,Delivery Fuel,,239.45,2024-07-03
2024-10,Delivery Fuel,,194.7,2024-10-01
2025-01,Utilities,,310.66,2025-01-08
2024-02,Insurance,recurring monthly charge,477.72,2024-02-27
2025-10,Rent,recurring monthly charge,2745.1,2025-10-01
